CERT,label,NAME,CITY,PSTALP,fail_date,QBFASSET,region,size_bucket,n_filings
14228,Hartford-Carlisle Sb (IA 2000),HARTFORD-CARLISLE SB,CARLISLE,IA,2000-01-14,105044,Midwest,$100M to $1B,19
27886,Mutual Federal Savings Bank of Atlanta (GA 2000),MUTUAL FEDERAL SAVINGS BANK OF ATLANTA,ATLANTA,GA,2000-03-10,31479,South,Under $100M,20
25056,Monument National Bank (CA 2000),MONUMENT NATIONAL BANK,RIDGECREST,CA,2000-06-02,7923,West,Under $100M,20
10985,Town & Country Bank of Almelund (MN 2000),TOWN & COUNTRY BANK OF ALMELUND,ALMELUND,MN,2000-07-14,25942,Midwest,Under $100M,20
338,Bank of Falkner (MS 2000),BANK OF FALKNER,FALKNER,MS,2000-09-29,85485,South,Under $100M,20
21029,Bank of Honolulu (HI 2000),BANK OF HONOLULU,HONOLULU,HI,2000-10-13,63890,West,Under $100M,19
3815,National State Bank of Metropolis (IL 2000),NATIONAL STATE BANK OF METROPOLIS,METROPOLIS,IL,2000-12-14,90397,Midwest,Under $100M,20
34264,First Alliance Bank and Trust Co (NH 2001),FIRST ALLIANCE BANK AND TRUST CO,MANCHESTER,NH,2001-02-02,17438,Northeast,Under $100M,15
6629,Malta National Bank (OH 2001),MALTA NATIONAL BANK,MALTA,OH,2001-05-03,9075,Midwest,Under $100M,20
32646,"Superior Bank, Fsb (IL 2001)","SUPERIOR BANK, FSB",HINSDALE,IL,2001-07-27,1765455,Midwest,$1B to $10B,20
34248,Sinclair National Bank (AR 2001),SINCLAIR NATIONAL BANK,GRAVETTE,AR,2001-09-07,29792,South,Under $100M,19
24382,"Hamilton Bank, National Association (FL 2002)","HAMILTON BANK, NATIONAL ASSOCIATION",MIAMI,FL,2002-01-11,1409496,South,$1B to $10B,19
22002,Bank of Sierra Blanca (TX 2002),BANK OF SIERRA BLANCA,SIERRA BLANCA,TX,2002-01-18,10764,South,Under $100M,19
8966,Oakwood Deposit Bank (OH 2002),OAKWOOD DEPOSIT BANK,OAKWOOD,OH,2002-02-01,72267,Midwest,Under $100M,20
22314,Nextbank (AZ 2002),NEXTBANK,PHOENIX,AZ,2002-02-07,700180,West,$100M to $1B,20
26652,Net First National Bank (FL 2002),NET FIRST NATIONAL BANK,BOCA RATON,FL,2002-03-01,37207,South,Under $100M,20
34979,New Century Bank (MI 2002),NEW CENTURY BANK,SHELBY TOWNSHIP,MI,2002-03-28,21091,Midwest,Under $100M,10
19183,Connecticut Bank of Commerce (CT 2002),CONNECTICUT BANK OF COMMERCE,STAMFORD,CT,2002-06-26,384172,Northeast,$100M to $1B,20
29355,Universal Fsb (IL 2002),UNIVERSAL FSB,CHICAGO,IL,2002-06-27,51628,Midwest,Under $100M,20
33784,Amtrade International Bank of Georgia (GA 2002),AMTRADE INTERNATIONAL BANK OF GEORGIA,ATLANTA,GA,2002-09-30,92144,South,Under $100M,20
9961,Bank of Alamo (TN 2002),BANK OF ALAMO,ALAMO,TN,2002-11-08,58454,South,Under $100M,20
16445,The Farmers Bank & Trust of Cheneyville (LA 2002),THE FARMERS BANK & TRUST OF CHENEYVILLE,CHENEYVILLE,LA,2002-12-17,35317,South,Under $100M,20
27094,Southern Pacific Bank (CA 2003),SOUTHERN PACIFIC BANK,TORRANCE,CA,2003-02-07,904294,West,$100M to $1B,20
11639,The First National Bank of Blanchardville (WI 2003),THE FIRST NATIONAL BANK OF BLANCHARDVILLE,BLANCHARDVILLE,WI,2003-05-09,34536,Midwest,Under $100M,20
27203,Pulaski Savings Bank (PA 2003),PULASKI SAVINGS BANK,PHILADELPHIA,PA,2003-11-14,8487,Northeast,Under $100M,20
31330,Dollar Savings Bank (NJ 2004),DOLLAR SAVINGS BANK,NEWARK,NJ,2004-02-14,13408,Northeast,Under $100M,20
26838,Guaranty National Bank (FL 2004),GUARANTY NATIONAL BANK,TALLAHASSEE,FL,2004-03-12,71280,South,Under $100M,20
26778,Reliance Bank (NY 2004),RELIANCE BANK,WHITE PLAINS,NY,2004-03-19,28637,Northeast,Under $100M,20
1249,Bank of Ephraim (UT 2004),BANK OF EPHRAIM,EPHRAIM,UT,2004-06-25,56774,West,Under $100M,20
35353,Metropolitan Savings Bank (PA 2007),METROPOLITAN SAVINGS BANK,PITTSBURGH,PA,2007-02-02,15760,Northeast,Under $100M,19
32575,Netbank (GA 2007),NETBANK,ALPHARETTA,GA,2007-09-28,2473806,South,$1B to $10B,20
16848,Miami Valley Bank (OH 2007),MIAMI VALLEY BANK,LAKEVIEW,OH,2007-10-04,125362,Midwest,$100M to $1B,19
24660,Douglass National Bank (MO 2008),DOUGLASS NATIONAL BANK,KANSAS CITY,MO,2008-01-25,52824,Midwest,Under $100M,20
1971,Hume Bank (MO 2008),HUME BANK,HUME,MO,2008-03-07,18682,Midwest,Under $100M,20
33901,Anb Financial National Association (AR 2008),ANB FINANCIAL NATIONAL ASSOCIATION,BENTONVILLE,AR,2008-05-09,1895545,South,$1B to $10B,20
12736,"First Integrity Bank, N.a. (MN 2008)","FIRST INTEGRITY BANK, N.A.",STAPLES,MN,2008-05-30,52916,Midwest,Under $100M,20
29730,Indymac Bank F.s.b (CA 2008),INDYMAC BANK F.S.B,PASADENA,CA,2008-07-11,30698512,West,Over $10B,20
57961,First Heritage Bank N.a. (CA 2008),FIRST HERITAGE BANK N.A.,NEWPORT BEACH,CA,2008-07-25,255376,West,$100M to $1B,14
27011,First National Bank of Nevada (NV 2008),FIRST NATIONAL BANK OF NEVADA,RENO,NV,2008-07-25,3411145,West,$1B to $10B,20
57523,First Priority Bank (FL 2008),FIRST PRIORITY BANK,BRADENTON,FL,2008-08-01,258610,South,$100M to $1B,19
22728,The Columbian Bank and Trust Company (KS 2008),THE COLUMBIAN BANK AND TRUST COMPANY,TOPEKA,KS,2008-08-22,735071,Midwest,$100M to $1B,20
35469,Integrity Bank (GA 2008),INTEGRITY BANK,ALPHARETTA,GA,2008-08-29,1107514,South,$1B to $10B,20
34194,Silver State Bank (NV 2008),SILVER STATE BANK,HENDERSON,NV,2008-09-05,1957120,West,$1B to $10B,20
6782,"Ameribank, Inc. (WV 2008)","AMERIBANK, INC.",NORTHFORK,WV,2008-09-19,103965,South,$100M to $1B,20
32633,Washington Mutual Bank (NV 2008),WASHINGTON MUTUAL BANK,HENDERSON,NV,2008-09-25,307021614,West,Over $10B,20
57654,Main Street Bank (MI 2008),MAIN STREET BANK,NORTHVILLE,MI,2008-10-10,112368,Midwest,$100M to $1B,18
13789,Meridian Bank (IL 2008),MERIDIAN BANK,ELDRED,IL,2008-10-10,38223,Midwest,Under $100M,20
58241,Alpha Bank & Trust (GA 2008),ALPHA BANK & TRUST,ALPHARETTA,GA,2008-10-24,354090,South,$100M to $1B,10
57930,Freedom Bank (FL 2008),FREEDOM BANK,BRADENTON,FL,2008-10-31,270842,South,$100M to $1B,14
26870,"Franklin Bank, Ssb (TX 2008)","FRANKLIN BANK, SSB",HOUSTON,TX,2008-11-07,5089260,South,$1B to $10B,20
23595,Security Pacific Bank (CA 2008),SECURITY PACIFIC BANK,SAN DIEGO,CA,2008-11-07,527959,West,$100M to $1B,20
30968,"Downey Savings and Loan Association, F.a. (CA 2008)","DOWNEY SAVINGS AND LOAN ASSOCIATION, F.A.",NEWPORT BEACH,CA,2008-11-21,12779371,West,Over $10B,20
28344,Pff Bank & Trust (CA 2008),PFF BANK & TRUST,POMONA,CA,2008-11-21,3715433,West,$1B to $10B,20
16490,The Community Bank (GA 2008),THE COMMUNITY BANK,LOGANVILLE,GA,2008-11-21,634901,South,$100M to $1B,20
34301,First Georgia Community Bank (GA 2008),FIRST GEORGIA COMMUNITY BANK,JACKSON,GA,2008-12-05,256371,South,$100M to $1B,20
35379,Haven Trust Bank (GA 2008),HAVEN TRUST BANK,DULUTH,GA,2008-12-12,559551,South,$100M to $1B,20
11568,Sanderson State Bank (TX 2008),SANDERSON STATE BANK,SANDERSON,TX,2008-12-12,38217,South,Under $100M,20
34959,Bank of Clark County (WA 2009),BANK OF CLARK COUNTY,VANCOUVER,WA,2009-01-16,441085,West,$100M to $1B,20
19733,National Bank of Commerce (IL 2009),NATIONAL BANK OF COMMERCE,BERKELEY,IL,2009-01-16,419741,Midwest,$100M to $1B,20
33025,1st Centennial Bank (CA 2009),1ST CENTENNIAL BANK,REDLANDS,CA,2009-01-23,797959,West,$100M to $1B,20
58001,Magnet Bank (UT 2009),MAGNET BANK,SALT LAKE CITY,UT,2009-01-30,300674,West,$100M to $1B,13
26538,Ocala National Bank (FL 2009),OCALA NATIONAL BANK,OCALA,FL,2009-01-30,219424,South,$100M to $1B,20
30763,Suburban Federal Savings Bank (MD 2009),SUBURBAN FEDERAL SAVINGS BANK,CROFTON,MD,2009-01-30,347408,South,$100M to $1B,20
23124,Alliance Bank (CA 2009),ALLIANCE BANK,CULVER CITY,CA,2009-02-06,1113361,West,$1B to $10B,20
22574,County Bank (CA 2009),COUNTY BANK,MERCED,CA,2009-02-06,1711552,West,$1B to $10B,20
57017,Firstbank Financial Services (GA 2009),FIRSTBANK FINANCIAL SERVICES,MCDONOUGH,GA,2009-02-06,317237,South,$100M to $1B,20
16500,Corn Belt Bank and Trust Company (IL 2009),CORN BELT BANK AND TRUST COMPANY,PITTSFIELD,IL,2009-02-13,260201,Midwest,$100M to $1B,20
57342,Pinnacle Bank (OR 2009),PINNACLE BANK,BEAVERTON,OR,2009-02-13,71921,West,Under $100M,20
34563,Riverside Bank of the Gulf Coast (FL 2009),RIVERSIDE BANK OF THE GULF COAST,CAPE CORAL,FL,2009-02-13,523673,South,$100M to $1B,20
5431,Sherman County Bank (NE 2009),SHERMAN COUNTY BANK,LOUP CITY,NE,2009-02-13,135431,Midwest,$100M to $1B,20
35399,Silver Falls Bank (OR 2009),SILVER FALLS BANK,SILVERTON,OR,2009-02-20,134206,West,$100M to $1B,20
20078,Heritage Community Bank (IL 2009),HERITAGE COMMUNITY BANK,GLENWOOD,IL,2009-02-27,235154,Midwest,$100M to $1B,20
34820,Security Savings Bank (NV 2009),SECURITY SAVINGS BANK,HENDERSON,NV,2009-02-27,238307,West,$100M to $1B,20
57558,Freedom Bank of Georgia (GA 2009),FREEDOM BANK OF GEORGIA,COMMERCE,GA,2009-03-06,172454,South,$100M to $1B,20
18896,Colorado National Bank (CO 2009),COLORADO NATIONAL BANK,COLORADO SPRINGS,CO,2009-03-20,123508,West,$100M to $1B,20
18243,Firstcity Bank (GA 2009),FIRSTCITY BANK,STOCKBRIDGE,GA,2009-03-20,285015,South,$100M to $1B,20
4754,"Teambank, N.a. (KS 2009)","TEAMBANK, N.A.",PAOLA,KS,2009-03-20,669830,Midwest,$100M to $1B,20
22238,Omni National Bank (GA 2009),OMNI NATIONAL BANK,ATLANTA,GA,2009-03-27,979585,South,$100M to $1B,20
34639,Cape Fear Bank (NC 2009),CAPE FEAR BANK,WILMINGTON,NC,2009-04-10,492418,South,$100M to $1B,20
34881,New Frontier Bank (CO 2009),NEW FRONTIER BANK,GREELEY,CO,2009-04-10,1774588,West,$1B to $10B,20
8266,American Sterling Bank (MO 2009),AMERICAN STERLING BANK,SUGAR CREEK,MO,2009-04-17,166456,Midwest,$100M to $1B,20
33824,Great Basin Bank of Nevada (NV 2009),GREAT BASIN BANK OF NEVADA,ELKO,NV,2009-04-17,238940,West,$100M to $1B,20
57943,American Southern Bank (GA 2009),AMERICAN SOUTHERN BANK,KENNESAW,GA,2009-04-24,105950,South,$100M to $1B,15
32069,First Bank of Beverly Hills (CA 2009),FIRST BANK OF BEVERLY HILLS,CALABASAS,CA,2009-04-24,1260354,West,$1B to $10B,20
34396,"First Bank of Idaho, Fsb (ID 2009)","FIRST BANK OF IDAHO, FSB",KETCHUM,ID,2009-04-24,490656,West,$100M to $1B,20
34369,Michigan Heritage Bank (MI 2009),MICHIGAN HERITAGE BANK,FARMINGTON HILLS,MI,2009-04-24,167710,Midwest,$100M to $1B,20
35461,America West Bank (UT 2009),AMERICA WEST BANK,LAYTON,UT,2009-05-01,281564,West,$100M to $1B,20
57563,Citizens Community Bank (NJ 2009),CITIZENS COMMUNITY BANK,RIDGEWOOD,NJ,2009-05-01,40657,Northeast,Under $100M,18
26535,"Silverton Bank, National Association (GA 2009)","SILVERTON BANK, NATIONAL ASSOCIATION",ATLANTA,GA,2009-05-01,4157246,South,$1B to $10B,20
34843,Westsound Bank (WA 2009),WESTSOUND BANK,BREMERTON,WA,2009-05-08,334608,West,$100M to $1B,20
32247,"Bankunited, Fsb (FL 2009)","BANKUNITED, FSB",CORAL GABLES,FL,2009-05-21,13111463,South,Over $10B,20
5757,Citizens National Bank (IL 2009),CITIZENS NATIONAL BANK,MACOMB,IL,2009-05-22,438560,Midwest,$100M to $1B,20
35175,Strategic Capital Bank (IL 2009),STRATEGIC CAPITAL BANK,CHAMPAIGN,IL,2009-05-22,546576,Midwest,$100M to $1B,20
17309,Bank of Lincolnwood (IL 2009),BANK OF LINCOLNWOOD,LINCOLNWOOD,IL,2009-06-05,212718,Midwest,$100M to $1B,20
27837,Cooperative Bank (NC 2009),COOPERATIVE BANK,WILMINGTON,NC,2009-06-19,966778,South,$100M to $1B,20
4614,First National Bank of Anthony (KS 2009),FIRST NATIONAL BANK OF ANTHONY,ANTHONY,KS,2009-06-19,156954,Midwest,$100M to $1B,20
35251,Southern Community Bank (GA 2009),SOUTHERN COMMUNITY BANK,FAYETTEVILLE,GA,2009-06-19,371695,South,$100M to $1B,20
57436,Community Bank of West Georgia (GA 2009),COMMUNITY BANK OF WEST GEORGIA,VILLA RICA,GA,2009-06-26,201222,South,$100M to $1B,20
9744,Horizon Bank (MN 2009),HORIZON BANK,PINE CITY,MN,2009-06-26,84763,Midwest,Under $100M,20
57893,Metropacific Bank (CA 2009),METROPACIFIC BANK,IRVINE,CA,2009-06-26,75316,West,Under $100M,17
57332,Mirae Bank (CA 2009),MIRAE BANK,LOS ANGELES,CA,2009-06-26,480619,West,$100M to $1B,20
35285,Neighborhood Community Bank (GA 2009),NEIGHBORHOOD COMMUNITY BANK,NEWNAN,GA,2009-06-26,212616,South,$100M to $1B,20
18390,Founders Bank (IL 2009),FOUNDERS BANK,WORTH,IL,2009-07-02,889172,Midwest,$100M to $1B,20
57667,Millennium State Bank of Texas (TX 2009),MILLENNIUM STATE BANK OF TEXAS,DALLAS,TX,2009-07-02,118601,South,$100M to $1B,20
15302,Rock River Bank (IL 2009),ROCK RIVER BANK,OREGON,IL,2009-07-02,74808,Midwest,Under $100M,20
9262,The Elizabeth State Bank (IL 2009),THE ELIZABETH STATE BANK,ELIZABETH,IL,2009-07-02,55027,Midwest,Under $100M,20
3644,The First National Bank of Danville (IL 2009),THE FIRST NATIONAL BANK OF DANVILLE,DANVILLE,IL,2009-07-02,148218,Midwest,$100M to $1B,20
11710,The First State Bank of Winchester (IL 2009),THE FIRST STATE BANK OF WINCHESTER,WINCHESTER,IL,2009-07-02,30073,Midwest,Under $100M,20
12093,The John Warner Bank (IL 2009),THE JOHN WARNER BANK,CLINTON,IL,2009-07-02,69609,Midwest,Under $100M,20
22754,Bank of Wyoming (WY 2009),BANK OF WYOMING,THERMOPOLIS,WY,2009-07-10,70188,West,Under $100M,20
34103,Bankfirst (SD 2009),BANKFIRST,SIOUX FALLS,SD,2009-07-17,210844,Midwest,$100M to $1B,20
34594,First Piedmont Bank (GA 2009),FIRST PIEDMONT BANK,WINDER,GA,2009-07-17,114113,South,$100M to $1B,20
34341,Temecula Valley Bank (CA 2009),TEMECULA VALLEY BANK,TEMECULA,CA,2009-07-17,1396622,West,$1B to $10B,20
23556,"Vineyard Bank, National Association (CA 2009)","VINEYARD BANK, NATIONAL ASSOCIATION",RANCHO CUCAMONGA,CA,2009-07-17,1638378,West,$1B to $10B,20
27367,Security Bank of Bibb County (GA 2009),SECURITY BANK OF BIBB COUNTY,MACON,GA,2009-07-24,943744,South,$100M to $1B,20
57346,Security Bank of Gwinnett County (GA 2009),SECURITY BANK OF GWINNETT COUNTY,SUWANNEE,GA,2009-07-24,259182,South,$100M to $1B,20
27048,Security Bank of Houston County (GA 2009),SECURITY BANK OF HOUSTON COUNTY,PERRY,GA,2009-07-24,371624,South,$100M to $1B,20
8486,Security Bank of Jones County (GA 2009),SECURITY BANK OF JONES COUNTY,GRAY,GA,2009-07-24,432712,South,$100M to $1B,20
57430,Security Bank of North Fulton (GA 2009),SECURITY BANK OF NORTH FULTON,ALPHARETTA,GA,2009-07-24,190564,South,$100M to $1B,20
57105,Security Bank of North Metro (GA 2009),SECURITY BANK OF NORTH METRO,WOODSTOCK,GA,2009-07-24,184184,South,$100M to $1B,20
58065,Waterford Village Bank (NY 2009),WATERFORD VILLAGE BANK,WILLIAMSVILLE,NY,2009-07-24,55707,Northeast,Under $100M,10
34270,First Bankamericano (NJ 2009),FIRST BANKAMERICANO,ELIZABTH,NJ,2009-07-31,163372,Northeast,$100M to $1B,20
9873,First State Bank of Altus (OK 2009),FIRST STATE BANK OF ALTUS,ALTUS,OK,2009-07-31,90867,South,Under $100M,20
57604,Integrity Bank (FL 2009),INTEGRITY BANK,JUPITER,FL,2009-07-31,105298,South,$100M to $1B,20
18659,Mutual Bank (IL 2009),MUTUAL BANK,HARVEY,IL,2009-07-31,1595657,Midwest,$1B to $10B,20
32288,Peoples Community Bank (OH 2009),PEOPLES COMMUNITY BANK,WEST CHESTER,OH,2009-07-31,606153,Midwest,$100M to $1B,20
23268,Community First Bank (OR 2009),COMMUNITY FIRST BANK,PRINEVILLE,OR,2009-08-07,199508,West,$100M to $1B,20
27183,Community National Bank of Sarasota County (FL 2009),COMMUNITY NATIONAL BANK OF SARASOTA COUNTY,VENICE,FL,2009-08-07,92528,South,Under $100M,20
27364,First State Bank (FL 2009),FIRST STATE BANK,SARASOTA,FL,2009-08-07,447667,South,$100M to $1B,20
9609,Colonial Bank (AL 2009),COLONIAL BANK,MONTGOMERY,AL,2009-08-14,25455112,South,Over $10B,20
57645,Community Bank of Arizona (AZ 2009),COMMUNITY BANK OF ARIZONA,PHOENIX,AZ,2009-08-14,158517,West,$100M to $1B,20
34043,Community Bank of Nevada (NV 2009),COMMUNITY BANK OF NEVADA,LAS VEGAS,NV,2009-08-14,1397798,West,$1B to $10B,20
31559,Dwelling House Savings and Loan (PA 2009),DWELLING HOUSE SAVINGS AND LOAN,PITTSBURGH,PA,2009-08-14,12947,Northeast,Under $100M,20
34485,"Union Bank, National Association (AZ 2009)","UNION BANK, NATIONAL ASSOCIATION",GILBERT,AZ,2009-08-14,119529,West,$100M to $1B,20
22130,Capitalsouth Bank (AL 2009),CAPITALSOUTH BANK,BIRMINGHAM,AL,2009-08-21,586586,South,$100M to $1B,20
34682,Ebank (GA 2009),EBANK,ATLANTA,GA,2009-08-21,144688,South,$100M to $1B,20
57702,First Coweta (GA 2009),FIRST COWETA,NEWNAN,GA,2009-08-21,163755,South,$100M to $1B,20
32618,Guaranty Bank (TX 2009),GUARANTY BANK,AUSTIN,TX,2009-08-21,13464352,South,Over $10B,20
27197,Affinity Bank (CA 2009),AFFINITY BANK,VENTURA,CA,2009-08-28,1211431,West,$1B to $10B,20
28312,Bradford Bank (MD 2009),BRADFORD BANK,BALTIMORE,MD,2009-08-28,451888,South,$100M to $1B,20
1909,Mainstreet Bank (MN 2009),MAINSTREET BANK,FOREST LAKE,MN,2009-08-28,458533,Midwest,$100M to $1B,20
25231,First Bank of Kansas City (MO 2009),FIRST BANK OF KANSAS CITY,KANSAS CITY,MO,2009-09-04,15723,Midwest,Under $100M,20
34875,First State Bank (AZ 2009),FIRST STATE BANK,FLAGSTAFF,AZ,2009-09-04,107235,West,$100M to $1B,20
20203,Inbank (IL 2009),INBANK,OAK FOREST,IL,2009-09-04,209848,Midwest,$100M to $1B,20
35030,Platinum Community Bank (IL 2009),PLATINUM COMMUNITY BANK,ROLLING MEADOWS,IL,2009-09-04,147961,Midwest,$100M to $1B,20
27732,Vantus Bank (IA 2009),VANTUS BANK,SIOUX CITY,IA,2009-09-04,503643,Midwest,$100M to $1B,20
57736,Brickwell Community Bank (MN 2009),BRICKWELL COMMUNITY BANK,WOODBURY,MN,2009-09-11,72576,Midwest,Under $100M,20
13693,"Corus Bank, N.a. (IL 2009)","CORUS BANK, N.A.",CHICAGO,IL,2009-09-11,7003321,Midwest,$1B to $10B,20
22868,Venture Bank (WA 2009),VENTURE BANK,LACEY,WA,2009-09-11,968385,West,$100M to $1B,20
10100,Irwin Union Bank and Trust Company (IN 2009),IRWIN UNION BANK AND TRUST COMPANY,COLUMBUS,IN,2009-09-18,2839747,Midwest,$1B to $10B,20
57068,"Irwin Union Bank, Fsb (KY 2009)","IRWIN UNION BANK, FSB",LOUISVILLE,KY,2009-09-18,518151,South,$100M to $1B,20
57151,Georgian Bank (GA 2009),GEORGIAN BANK,ATLANTA,GA,2009-09-25,2230230,South,$1B to $10B,20
11416,Jennings State Bank (MN 2009),JENNINGS STATE BANK,SPRING GROVE,MN,2009-10-02,52347,Midwest,Under $100M,20
57263,Southern Colorado National Bank (CO 2009),SOUTHERN COLORADO NATIONAL BANK,PUEBLO,CO,2009-10-02,37142,West,Under $100M,20
34824,Warren Bank (MI 2009),WARREN BANK,WARREN,MI,2009-10-02,504816,Midwest,$100M to $1B,20
23266,San Joaquin Bank (CA 2009),SAN JOAQUIN BANK,BAKERSFIELD,CA,2009-10-16,766359,West,$100M to $1B,20
57794,American United Bank (GA 2009),AMERICAN UNITED BANK,LAWRENCEVILLE,GA,2009-10-23,110094,South,$100M to $1B,20
18321,Bank of Elmwood (WI 2009),BANK OF ELMWOOD,RACINE,WI,2009-10-23,327444,Midwest,$100M to $1B,20
35038,First Dupage Bank (IL 2009),FIRST DUPAGE BANK,WESTMONT,IL,2009-10-23,262093,Midwest,$100M to $1B,20
35044,Flagship National Bank (FL 2009),FLAGSHIP NATIONAL BANK,BRADENTON,FL,2009-10-23,177563,South,$100M to $1B,20
58336,Hillcrest Bank Florida (FL 2009),HILLCREST BANK FLORIDA,NAPLES,FL,2009-10-23,82774,South,Under $100M,13
57959,Partners Bank (FL 2009),PARTNERS BANK,NAPLES,FL,2009-10-23,65498,South,Under $100M,17
57525,Riverview Community Bank (MN 2009),RIVERVIEW COMMUNITY BANK,OSTEGO,MN,2009-10-23,99057,Midwest,Under $100M,20
32218,"Bank Usa, Na (AZ 2009)","BANK USA, NA",PHOENIX,AZ,2009-10-30,213205,West,$100M to $1B,20
34659,California National Bank (CA 2009),CALIFORNIA NATIONAL BANK,LOS ANGELES,CA,2009-10-30,7781100,West,$1B to $10B,20
25222,Citizens National Bank (TX 2009),CITIZENS NATIONAL BANK,TEAGUE,TX,2009-10-30,118236,South,$100M to $1B,20
35291,Community Bank of Lemont (IL 2009),COMMUNITY BANK OF LEMONT,LEMONT,IL,2009-10-30,81843,Midwest,Under $100M,20
33782,Madisonville State Bank (TX 2009),MADISONVILLE STATE BANK,MADISONVILLE,TX,2009-10-30,256330,South,$100M to $1B,20
18776,North Houston Bank (TX 2009),NORTH HOUSTON BANK,HOUSTON,TX,2009-10-30,325474,South,$100M to $1B,20
30006,Pacific National Bank (CA 2009),PACIFIC NATIONAL BANK,SAN FRANCISCO,CA,2009-10-30,2319263,West,$1B to $10B,20
11677,Park National Bank (IL 2009),PARK NATIONAL BANK,CHICAGO,IL,2009-10-30,4680881,Midwest,$1B to $10B,20
23594,San Diego National Bank (CA 2009),SAN DIEGO NATIONAL BANK,SAN DIEGO,CA,2009-10-30,3594544,West,$1B to $10B,20
19450,Gateway Bank of St Louis (MO 2009),GATEWAY BANK OF ST LOUIS,ST LOUIS,MO,2009-11-06,26882,Midwest,Under $100M,20
30329,Home Federal Savings Bank (MI 2009),HOME FEDERAL SAVINGS BANK,DETROIT,MI,2009-11-06,12994,Midwest,Under $100M,20
35074,Prosperan Bank (MN 2009),PROSPERAN BANK,OAKDALE,MN,2009-11-06,197442,Midwest,$100M to $1B,20
32469,United Commercial Bank (CA 2009),UNITED COMMERCIAL BANK,SAN FRANCISCO,CA,2009-11-06,10895336,West,Over $10B,20
22286,United Security Bank (GA 2009),UNITED SECURITY BANK,SPARTA,GA,2009-11-06,153639,South,$100M to $1B,20
32267,"Century Bank, a Federal Savings Bank (FL 2009)","CENTURY BANK, A FEDERAL SAVINGS BANK",SARASOTA,FL,2009-11-13,755923,South,$100M to $1B,20
22427,Orion Bank (FL 2009),ORION BANK,NAPLES,FL,2009-11-13,2612515,South,$1B to $10B,20
57914,Pacific Coast National Bank (CA 2009),PACIFIC COAST NATIONAL BANK,SAN CLEMENTE,CA,2009-11-13,131418,West,$100M to $1B,18
58016,Commerce Bank of Southwest Florida (FL 2009),COMMERCE BANK OF SOUTHWEST FLORIDA,FORT MYERS,FL,2009-11-20,70997,South,Under $100M,17
29776,Amtrust Bank (OH 2009),AMTRUST BANK,CLEVELAND,OH,2009-12-04,11438990,Midwest,Over $10B,20
10440,Benchmark Bank (IL 2009),BENCHMARK BANK,AURORA,IL,2009-12-04,173062,Midwest,$100M to $1B,20
26290,First Security National Bank (GA 2009),FIRST SECURITY NATIONAL BANK,NORCROSS,GA,2009-12-04,127455,South,$100M to $1B,20
32583,Greater Atlantic Bank (VA 2009),GREATER ATLANTIC BANK,RESTON,VA,2009-12-04,203262,South,$100M to $1B,20
34663,The Buckhead Community Bank (GA 2009),THE BUCKHEAD COMMUNITY BANK,ATLANTA,GA,2009-12-04,856236,South,$100M to $1B,20
12080,The Tatnall Bank (GA 2009),THE TATNALL BANK,REIDSVILLE,GA,2009-12-04,49612,South,Under $100M,20
22846,"Republic Federal Bank, N.a. (FL 2009)","REPUBLIC FEDERAL BANK, N.A.",MIAMI,FL,2009-12-11,433011,South,$100M to $1B,20
4731,Solutionsbank (KS 2009),SOLUTIONSBANK,OVERLAND PARK,KS,2009-12-11,511103,Midwest,$100M to $1B,20
58399,"Valley Capital Bank, N.a. (AZ 2009)","VALLEY CAPITAL BANK, N.A.",MESA,AZ,2009-12-11,40270,West,Under $100M,12
1006,Citizens State Bank (MI 2009),CITIZENS STATE BANK,NEW BALTIMORE,MI,2009-12-18,168551,Midwest,$100M to $1B,20
28536,"First Federal Bank of California,  a Federal Savings Bank (CA 2009)","FIRST FEDERAL BANK OF CALIFORNIA,  A FEDERAL SAVINGS BANK",SANTA MONICA,CA,2009-12-18,6143903,West,$1B to $10B,20
26348,Imperial Capital Bank (CA 2009),IMPERIAL CAPITAL BANK,LA JOLLA,CA,2009-12-18,4046888,West,$1B to $10B,20
26820,Independent Bankers' Bank (IL 2009),INDEPENDENT BANKERS' BANK,SPRINGFIELD,IL,2009-12-18,585508,Midwest,$100M to $1B,20
32276,New South Federal Savings Bank (AL 2009),NEW SOUTH FEDERAL SAVINGS BANK,IRONDALE,AL,2009-12-18,1464127,South,$1B to $10B,20
32167,Peoples First Community Bank (FL 2009),PEOPLES FIRST COMMUNITY BANK,PANAMA CITY,FL,2009-12-18,1795420,South,$1B to $10B,20
58315,Rockbridge Commercial Bank (GA 2009),ROCKBRIDGE COMMERCIAL BANK,ATLANTA,GA,2009-12-18,294024,South,$100M to $1B,12
22977,Horizon Bank (WA 2010),HORIZON BANK,BELLINGHAM,WA,2010-01-08,1188956,West,$1B to $10B,20
1252,Barnes Banking Company (UT 2010),BARNES BANKING COMPANY,KAYSVILLE,UT,2010-01-15,709171,West,$100M to $1B,20
17522,St. Stephen State Bank (MN 2010),ST. STEPHEN STATE BANK,ST. STEPHEN,MN,2010-01-15,22895,Midwest,Under $100M,20
34705,Town Community Bank and Trust (IL 2010),TOWN COMMUNITY BANK AND TRUST,ANTIOCH,IL,2010-01-15,70758,Midwest,Under $100M,20
8265,Bank of Leeton (MO 2010),BANK OF LEETON,LEETON,MO,2010-01-22,20128,Midwest,Under $100M,20
32498,Charter Bank (NM 2010),CHARTER BANK,SANTA FE,NM,2010-01-22,1201922,West,$1B to $10B,20
22469,Columbia River Bank (OR 2010),COLUMBIA RIVER BANK,THE DALLES,OR,2010-01-22,955112,West,$100M to $1B,20
20501,Evergreen Bank (WA 2010),EVERGREEN BANK,SEATTLE,WA,2010-01-22,395980,West,$100M to $1B,20
57147,Premier American Bank (FL 2010),PREMIER AMERICAN BANK,MIAMI,FL,2010-01-22,299225,South,$100M to $1B,20
16730,American Marine Bank (WA 2010),AMERICAN MARINE BANK,BAINBRIDGE ISLAND,WA,2010-01-29,329246,West,$100M to $1B,20
5702,Community Bank & Trust (GA 2010),COMMUNITY BANK & TRUST,CORNELIA,GA,2010-01-29,1181717,South,$1B to $10B,20
16480,First National Bank of Georgia (GA 2010),FIRST NATIONAL BANK OF GEORGIA,CARROLLTON,GA,2010-01-29,840633,South,$100M to $1B,20
23011,First Regional Bank (CA 2010),FIRST REGIONAL BANK,LOS ANGELES,CA,2010-01-29,2082684,West,$1B to $10B,20
5672,Florida Community Bank (FL 2010),FLORIDA COMMUNITY BANK,IMMOKALEE,FL,2010-01-29,835701,South,$100M to $1B,20
16133,"Marshall Bank, National Association (MN 2010)","MARSHALL BANK, NATIONAL ASSOCIATION",HALLOCK,MN,2010-01-29,58566,Midwest,Under $100M,20
15448,1st American State Bank of Minnesota (MN 2010),1ST AMERICAN STATE BANK OF MINNESOTA,HANCOCK,MN,2010-02-05,18155,Midwest,Under $100M,20
29952,George Washington Savings Bank (IL 2010),GEORGE WASHINGTON SAVINGS BANK,ORLAND PARK,IL,2010-02-19,413673,Midwest,$100M to $1B,20
32423,"La Jolla Bank, Fsb (CA 2010)","LA JOLLA BANK, FSB",LA JOLLA,CA,2010-02-19,3646071,West,$1B to $10B,20
57586,Marco Community Bank (FL 2010),MARCO COMMUNITY BANK,MARCO ISLAND,FL,2010-02-19,119578,South,$100M to $1B,20
3287,The La Coste National Bank (TX 2010),THE LA COSTE NATIONAL BANK,LA COSTE,TX,2010-02-19,53936,South,Under $100M,20
58352,Carson River Community Bank (NV 2010),CARSON RIVER COMMUNITY BANK,CARSON CITY,NV,2010-02-26,51095,West,Under $100M,13
38129,Rainier Pacific Bank (WA 2010),RAINIER PACIFIC BANK,TACOMA,WA,2010-02-26,717806,West,$100M to $1B,20
9268,Bank of Illinois (IL 2010),BANK OF ILLINOIS,NORMAL,IL,2010-03-05,211711,Midwest,$100M to $1B,20
34430,Centennial Bank (UT 2010),CENTENNIAL BANK,OGDEN,UT,2010-03-05,212839,West,$100M to $1B,20
27126,Sun American Bank (FL 2010),SUN AMERICAN BANK,BOCA RATON,FL,2010-03-05,535724,South,$100M to $1B,20
34976,Waterfield Bank (MD 2010),WATERFIELD BANK,GERMANTOWN,MD,2010-03-05,155566,South,$100M to $1B,20
58071,Libertypointe Bank (NY 2010),LIBERTYPOINTE BANK,NEW YORK,NY,2010-03-11,216500,Northeast,$100M to $1B,17
58182,Old Southern Bank (FL 2010),OLD SOUTHERN BANK,ORLANDO,FL,2010-03-12,336390,South,$100M to $1B,15
29561,Statewide Bank (LA 2010),STATEWIDE BANK,COVINGTON,LA,2010-03-12,243215,South,$100M to $1B,20
27096,The Park Avenue Bank (NY 2010),THE PARK AVENUE BANK,NEW YORK,NY,2010-03-12,520146,Northeast,$100M to $1B,20
33535,Advanta Bank Corp. (UT 2010),ADVANTA BANK CORP.,DRAPER,UT,2010-03-19,1525931,West,$1B to $10B,20
18806,American National Bank (OH 2010),AMERICAN NATIONAL BANK,PARMA,OH,2010-03-19,70318,Midwest,Under $100M,20
33989,Appalachian Community Bank (GA 2010),APPALACHIAN COMMUNITY BANK,ELLIJAY,GA,2010-03-19,1010075,South,$1B to $10B,20
10054,Bank of Hiawassee (GA 2010),BANK OF HIAWASSEE,HIAWASSEE,GA,2010-03-19,377779,South,$100M to $1B,20
58104,Century Security Bank (GA 2010),CENTURY SECURITY BANK,DULUTH,GA,2010-03-19,96535,South,Under $100M,16
24957,First Lowndes Bank (AL 2010),FIRST LOWNDES BANK,FORT DEPOSIT,AL,2010-03-19,137175,South,$100M to $1B,20
8221,State Bank of Aurora (MN 2010),STATE BANK OF AURORA,AURORA,MN,2010-03-19,28159,Midwest,Under $100M,20
57060,Desert Hills Bank (AZ 2010),DESERT HILLS BANK,PHOENIX,AZ,2010-03-26,496552,West,$100M to $1B,20
34684,Key West Bank (FL 2010),KEY WEST BANK,KEY WEST,FL,2010-03-26,88031,South,Under $100M,20
57399,Mcintosh Commercial Bank (GA 2010),MCINTOSH COMMERCIAL BANK,CARROLLTON,GA,2010-03-26,363405,South,$100M to $1B,20
34678,Unity National Bank (GA 2010),UNITY NATIONAL BANK,CARTERSVILLE,GA,2010-03-26,300590,South,$100M to $1B,20
34242,Beach First National Bank (SC 2010),BEACH FIRST NATIONAL BANK,MYRTLE BEACH,SC,2010-04-09,590024,South,$100M to $1B,20
57724,Americanfirst Bank (FL 2010),AMERICANFIRST BANK,CLERMONT,FL,2010-04-16,104034,South,$100M to $1B,20
26619,Butler Bank (MA 2010),BUTLER BANK,LOWELL,MA,2010-04-16,245534,Northeast,$100M to $1B,20
21521,City Bank (WA 2010),CITY BANK,LYNNWOOD,WA,2010-04-16,981913,West,$100M to $1B,20
28886,First Federal Bank of North Florida (FL 2010),FIRST FEDERAL BANK OF NORTH FLORIDA,PALATKA,FL,2010-04-16,440122,South,$100M to $1B,20
23876,Innovative Bank (CA 2010),INNOVATIVE BANK,OAKLAND,CA,2010-04-16,266816,West,$100M to $1B,20
34878,Lakeside Community Bank (MI 2010),LAKESIDE COMMUNITY BANK,STERLING HEIGHTS,MI,2010-04-16,49173,Midwest,Under $100M,20
24067,Riverside National Bank of Florida (FL 2010),RIVERSIDE NATIONAL BANK OF FLORIDA,FORT PIERCE,FL,2010-04-16,3393818,South,$1B to $10B,20
33493,Tamalpais Bank (CA 2010),TAMALPAIS BANK,SAN RAFAEL,CA,2010-04-16,611504,West,$100M to $1B,20
3735,"Amcore Bank, National Association (IL 2010)","AMCORE BANK, NATIONAL ASSOCIATION",ROCKFORD,IL,2010-04-23,3066240,Midwest,$1B to $10B,20
22853,Broadway Bank (IL 2010),BROADWAY BANK,CHICAGO,IL,2010-04-23,1059194,Midwest,$1B to $10B,20
34658,Citizens Bank & Trust Company of Chicago (IL 2010),CITIZENS BANK & TRUST COMPANY OF CHICAGO,CHICAGO,IL,2010-04-23,73490,Midwest,Under $100M,20
30600,Lincoln Park Savings Bank (IL 2010),LINCOLN PARK SAVINGS BANK,CHICAGO,IL,2010-04-23,194618,Midwest,$100M to $1B,20
34821,New Century Bank (IL 2010),NEW CENTURY BANK,CHICAGO,IL,2010-04-23,447239,Midwest,$100M to $1B,20
10888,Peotone Bank and Trust Company (IL 2010),PEOTONE BANK AND TRUST COMPANY,PEOTONE,IL,2010-04-23,130165,Midwest,$100M to $1B,20
58429,Wheatland Bank (IL 2010),WHEATLAND BANK,NAPERVILLE,IL,2010-04-23,441694,Midwest,$100M to $1B,13
17792,Bc National Banks (MO 2010),BC NATIONAL BANKS,BUTLER,MO,2010-04-30,52204,Midwest,Under $100M,20
30005,Cf Bancorp (MI 2010),CF BANCORP,PORT HURON,MI,2010-04-30,1599122,Midwest,$1B to $10B,20
58362,Champion Bank (MO 2010),CHAMPION BANK,CREVE COEUR,MO,2010-04-30,195510,Midwest,$100M to $1B,15
27150,Eurobank (PR 2010),EUROBANK,SAN JUAN,PR,2010-04-30,2453138,South,$1B to $10B,20
22710,Frontier Bank (WA 2010),FRONTIER BANK,EVERETT,WA,2010-04-30,3250734,West,$1B to $10B,20
32185,r-g Premier Bank of Puerto Rico (PR 2010),R-G PREMIER BANK OF PUERTO RICO,HATO REY,PR,2010-04-30,5681177,South,$1B to $10B,20
31027,Westernbank Puerto Rico (PR 2010),WESTERNBANK PUERTO RICO,MAYAGUEZ,PR,2010-04-30,10797345,South,Over $10B,20
35517,1st Pacific Bank of California (CA 2010),1st PACIFIC BANK OF CALIFORNIA,SAN DIEGO,CA,2010-05-07,335798,West,$100M to $1B,20
16476,Access Bank (MN 2010),ACCESS BANK,CHAMPLIN,MN,2010-05-07,31996,Midwest,Under $100M,20
14246,The Bank of Bonifay (FL 2010),THE BANK OF BONIFAY,BONIFAY,FL,2010-05-07,242871,South,$100M to $1B,20
57697,Towne Bank of Arizona (AZ 2010),TOWNE BANK OF ARIZONA,MESA,AZ,2010-05-07,120246,West,$100M to $1B,20
18117,Midwest Bank and Trust Company (IL 2010),MIDWEST BANK AND TRUST COMPANY,ELMWOOD PARK,IL,2010-05-14,3172915,Midwest,$1B to $10B,20
35586,New Liberty Bank (MI 2010),NEW LIBERTY BANK,PLYMOUTH,MI,2010-05-14,111239,Midwest,$100M to $1B,20
35114,Satilla Community Bank (GA 2010),SATILLA COMMUNITY BANK,SAINT MARYS,GA,2010-05-14,135688,South,$100M to $1B,20
34255,Southwest Community Bank (MO 2010),SOUTHWEST COMMUNITY BANK,SPRINGFIELD,MO,2010-05-14,100659,Midwest,$100M to $1B,20
57735,Pinehurst Bank (MN 2010),PINEHURST BANK,ST. PAUL,MN,2010-05-21,61215,Midwest,Under $100M,20
57360,Bank of Florida - Southeast (FL 2010),BANK OF FLORIDA - SOUTHEAST,FORT LAUDERDALE,FL,2010-05-28,595318,South,$100M to $1B,20
35106,Bank of Florida - Southwest (FL 2010),BANK OF FLORIDA - SOUTHWEST,NAPLES,FL,2010-05-28,640894,South,$100M to $1B,20
57814,Bank of Florida - Tampa Bay (FL 2010),BANK OF FLORIDA - TAMPA BAY,TAMPA BAY,FL,2010-05-28,240513,South,$100M to $1B,20
57315,"Granite Community Bank, National Association (CA 2010)","GRANITE COMMUNITY BANK, NATIONAL ASSOCIATION",GRANITE BAY,CA,2010-05-28,102913,West,$100M to $1B,20
34785,Sun West Bank (NV 2010),SUN WEST BANK,LAS VEGAS,NV,2010-05-28,360662,West,$100M to $1B,20
31813,Arcola Homestead Savings Bank (IL 2010),ARCOLA HOMESTEAD SAVINGS BANK,ARCOLA,IL,2010-06-04,17028,Midwest,Under $100M,20
15814,First National Bank (MS 2010),FIRST NATIONAL BANK,ROSEDALE,MS,2010-06-04,60449,South,Under $100M,20
29341,Tierone Bank (NE 2010),TIERONE BANK,LINCOLN,NE,2010-06-04,2824737,Midwest,$1B to $10B,20
32955,Washington First International Bank (WA 2010),WASHINGTON FIRST INTERNATIONAL BANK,SEATTLE,WA,2010-06-11,520887,West,$100M to $1B,20
57110,Nevada Security Bank (NV 2010),NEVADA SECURITY BANK,RENO,NV,2010-06-18,492491,West,$100M to $1B,20
34152,First National Bank (GA 2010),FIRST NATIONAL BANK,SAVANNAH,GA,2010-06-25,252520,South,$100M to $1B,20
35279,High Desert State Bank (NM 2010),HIGH DESERT STATE BANK,ALBUQUERQUE,NM,2010-06-25,80343,West,Under $100M,20
26563,Peninsula Bank (FL 2010),PENINSULA BANK,ENGLEWOOD,FL,2010-06-25,630179,South,$100M to $1B,20
35462,Bay National Bank (MD 2010),BAY NATIONAL BANK,BALTIMORE,MD,2010-07-09,217743,South,$100M to $1B,20
11636,Home National Bank (OK 2010),HOME NATIONAL BANK,BLACKWELL,OK,2010-07-09,585445,South,$100M to $1B,20
32456,Ideal Federal Savings Bank (MD 2010),IDEAL FEDERAL SAVINGS BANK,BALTIMORE,MD,2010-07-09,6177,South,Under $100M,20
58072,Usa Bank (NY 2010),USA BANK,PORT CHESTER,NY,2010-07-09,190678,Northeast,$100M to $1B,19
35383,First National Bank of the South (SC 2010),FIRST NATIONAL BANK OF THE SOUTH,SPARTANBURG,SC,2010-07-16,619374,South,$100M to $1B,20
28136,"Mainstreet Savings Bank, Fsb (MI 2010)","MAINSTREET SAVINGS BANK, FSB",HASTINGS,MI,2010-07-16,96584,Midwest,Under $100M,20
25172,Metro Bank of Dade County (FL 2010),METRO BANK OF DADE COUNTY,MIAMI,FL,2010-07-16,399441,South,$100M to $1B,20
28864,Olde Cypress Community Bank (FL 2010),OLDE CYPRESS COMMUNITY BANK,CLEWISTON,FL,2010-07-16,161355,South,$100M to $1B,20
32280,Turnberry Bank (FL 2010),TURNBERRY BANK,AVENTURA,FL,2010-07-16,240251,South,$100M to $1B,20
32571,Woodlands Bank (SC 2010),WOODLANDS BANK,BLUFFTON,SC,2010-07-16,382803,South,$100M to $1B,20
34486,Community Security Bank (MN 2010),COMMUNITY SECURITY BANK,NEW PRAGUE,MN,2010-07-23,100649,Midwest,$100M to $1B,20
27559,Crescent Bank and Trust Company (GA 2010),CRESCENT BANK AND TRUST COMPANY,JASPER,GA,2010-07-23,970235,South,$100M to $1B,20
23181,Home Valley Bank (OR 2010),HOME VALLEY BANK,CAVE JUNCTION,OR,2010-07-23,250488,West,$100M to $1B,20
35434,Southwestusa Bank (NV 2010),SOUTHWESTUSA BANK,LAS VEGAS,NV,2010-07-23,203690,West,$100M to $1B,20
32536,Sterling Bank (FL 2010),STERLING BANK,LANTANA,FL,2010-07-23,354966,South,$100M to $1B,20
10506,Thunder Bank (KS 2010),THUNDER BANK,SYLVAN GROVE,KS,2010-07-23,28248,Midwest,Under $100M,20
17837,Williamsburg First National Bank (SC 2010),WILLIAMSBURG FIRST NATIONAL BANK,KINGSTREE,SC,2010-07-23,130411,South,$100M to $1B,20
57669,Bayside Savings Bank (FL 2010),BAYSIDE SAVINGS BANK,PORT SAINT JOE,FL,2010-07-30,64344,South,Under $100M,20
9619,Coastal Community Bank (FL 2010),COASTAL COMMUNITY BANK,PANAMA CITY BEACH,FL,2010-07-30,377469,South,$100M to $1B,20
31964,Libertybank (OR 2010),LIBERTYBANK,EUGENE,OR,2010-07-30,714574,West,$100M to $1B,20
57658,Northwest Bank & Trust (GA 2010),NORTHWEST BANK & TRUST,ACWORTH,GA,2010-07-30,160763,South,$100M to $1B,20
22643,The Cowlitz Bank (WA 2010),THE COWLITZ BANK,LONGVIEW,WA,2010-07-30,489019,West,$100M to $1B,20
34231,Ravenswood Bank (IL 2010),RAVENSWOOD BANK,CHICAGO,IL,2010-08-06,264628,Midwest,$100M to $1B,20
17599,Palos Bank and Trust Company (IL 2010),PALOS BANK AND TRUST COMPANY,PALOS HEIGHTS,IL,2010-08-13,493391,Midwest,$100M to $1B,20
33219,Butte Community Bank (CA 2010),BUTTE COMMUNITY BANK,CHICO,CA,2010-08-20,498751,West,$100M to $1B,20
25266,Community National Bank at Bartow (FL 2010),COMMUNITY NATIONAL BANK AT BARTOW,BARTOW,FL,2010-08-20,67918,South,Under $100M,20
31623,Imperial Savings and Loan Association (VA 2010),IMPERIAL SAVINGS AND LOAN ASSOCIATION,MARTINSVILLE,VA,2010-08-20,9448,South,Under $100M,20
27344,Independent National Bank (FL 2010),INDEPENDENT NATIONAL BANK,OCALA,FL,2010-08-20,156218,South,$100M to $1B,20
32165,Los Padres Bank (CA 2010),LOS PADRES BANK,SOLVANG,CA,2010-08-20,866459,West,$100M to $1B,20
27090,Pacific State Bank (CA 2010),PACIFIC STATE BANK,STOCKTON,CA,2010-08-20,312077,West,$100M to $1B,20
15640,Shorebank (IL 2010),SHOREBANK,CHICAGO,IL,2010-08-20,2166431,Midwest,$1B to $10B,20
27259,Sonoma Valley Bank (CA 2010),SONOMA VALLEY BANK,SONOMA,CA,2010-08-20,337113,West,$100M to $1B,20
35061,Horizon Bank (FL 2010),HORIZON BANK,BRADENTON,FL,2010-09-10,187819,South,$100M to $1B,20
27808,Bramble Savings Bank (OH 2010),BRAMBLE SAVINGS BANK,MILFORD,OH,2010-09-17,47523,Midwest,Under $100M,20
57448,First Commerce Community Bank (GA 2010),FIRST COMMERCE COMMUNITY BANK,DOUGLASVILLE,GA,2010-09-17,248151,South,$100M to $1B,20
57107,Isn Bank (NJ 2010),ISN BANK,CHERRY HILL,NJ,2010-09-17,81564,Northeast,Under $100M,20
28612,Maritime Savings Bank (WI 2010),MARITIME SAVINGS BANK,WEST ALLIS,WI,2010-09-17,350488,Midwest,$100M to $1B,20
58197,The Bank of Ellijay (GA 2010),THE BANK OF ELLIJAY,ELLIJAY,GA,2010-09-17,168820,South,$100M to $1B,17
182,The Peoples Bank (GA 2010),THE PEOPLES BANK,WINDER,GA,2010-09-17,447185,South,$100M to $1B,20
58308,Haven Trust Bank Florida (FL 2010),HAVEN TRUST BANK FLORIDA,PONTE VEDRA BEACH,FL,2010-09-24,148575,South,$100M to $1B,16
35053,North County Bank (WA 2010),NORTH COUNTY BANK,ARLINGTON,WA,2010-09-24,288776,West,$100M to $1B,20
35250,Shoreline Bank (WA 2010),SHORELINE BANK,SHORELINE,WA,2010-10-01,92980,West,Under $100M,20
21777,Wakulla Bank (FL 2010),WAKULLA BANK,CRAWFORDVILLE,FL,2010-10-01,402205,South,$100M to $1B,20
34016,Premier Bank (MO 2010),PREMIER BANK,JEFFERSON CITY,MO,2010-10-15,989382,Midwest,$100M to $1B,20
30898,"Security Savings Bank, F.s.b. (KS 2010)","SECURITY SAVINGS BANK, F.S.B.",OLATHE,KS,2010-10-15,453349,Midwest,$100M to $1B,20
58205,Westbridge Bank and Trust Company (MO 2010),WESTBRIDGE BANK AND TRUST COMPANY,CHESTERFIELD,MO,2010-10-15,87782,Midwest,Under $100M,19
32582,"First Arizona Savings, a Fsb (AZ 2010)","FIRST ARIZONA SAVINGS, A FSB",SCOTTSDALE,AZ,2010-10-22,255920,West,$100M to $1B,20
27573,First Bank of Jacksonville (FL 2010),FIRST BANK OF JACKSONVILLE,JACKSONVILLE,FL,2010-10-22,73922,South,Under $100M,20
16089,First Suburban National Bank (IL 2010),FIRST SUBURBAN NATIONAL BANK,MAYWOOD,IL,2010-10-22,143451,Midwest,$100M to $1B,20
22173,Hillcrest Bank (KS 2010),HILLCREST BANK,OVERLAND PARK,KS,2010-10-22,1583611,Midwest,$1B to $10B,20
32251,Progress Bank of Florida (FL 2010),PROGRESS BANK OF FLORIDA,TAMPA,FL,2010-10-22,94823,South,Under $100M,20
2119,The First National Bank of Barnesville (GA 2010),THE FIRST NATIONAL BANK OF BARNESVILLE,BARNESVILLE,GA,2010-10-22,126622,South,$100M to $1B,20
33904,The Gordon Bank (GA 2010),THE GORDON BANK,GORDON,GA,2010-10-22,29259,South,Under $100M,20
57885,First Vietnamese American Bank (CA 2010),FIRST VIETNAMESE AMERICAN BANK,WESTMINSTER,CA,2010-11-05,48000,West,Under $100M,20
31263,k Bank (MD 2010),K BANK,RANDALLSTOWN,MD,2010-11-05,538258,South,$100M to $1B,20
34411,Pierce Commercial Bank (WA 2010),PIERCE COMMERCIAL BANK,TACOMA,WA,2010-11-05,221082,West,$100M to $1B,20
58087,Western Commercial Bank (CA 2010),WESTERN COMMERCIAL BANK,WOODLAND HILLS,CA,2010-11-05,98635,West,Under $100M,19
35463,Copper Star Bank (AZ 2010),COPPER STAR BANK,SCOTTSDALE,AZ,2010-11-12,203955,West,$100M to $1B,20
14580,Darby Bank & Trust Company (GA 2010),DARBY BANK & TRUST COMPANY,VIDALIA,GA,2010-11-12,654714,South,$100M to $1B,20
57831,Tifton Banking Company (GA 2010),TIFTON BANKING COMPANY,TIFTON,GA,2010-11-12,143729,South,$100M to $1B,20
35078,Allegiance Bank of North America (PA 2010),ALLEGIANCE BANK OF NORTH AMERICA,BALA CYNWYD,PA,2010-11-19,106595,Northeast,$100M to $1B,20
5287,First Banking Center (WI 2010),FIRST BANKING CENTER,BURLINGTON,WI,2010-11-19,750724,Midwest,$100M to $1B,20
20340,Gulf State Community Bank (FL 2010),GULF STATE COMMUNITY BANK,CARRABELLE,FL,2010-11-19,112144,South,$100M to $1B,20
35561,Earthstar Bank (PA 2010),EARTHSTAR BANK,SOUTHAMPTON,PA,2010-12-10,112643,Northeast,$100M to $1B,20
34673,Paramount Bank (MI 2010),PARAMOUNT BANK,FARMINGTON HILLS,MI,2010-12-10,252744,Midwest,$100M to $1B,20
58495,"Appalacian Community Bank, F.s.b. (GA 2010)","APPALACIAN COMMUNITY BANK, F.S.B.",MCCAYSVILLE,GA,2010-12-17,68201,South,Under $100M,14
34578,Chestatee State Bank (GA 2010),CHESTATEE STATE BANK,DAWSONVILLE,GA,2010-12-17,244376,South,$100M to $1B,20
23306,Community National Bank (MN 2010),COMMUNITY NATIONAL BANK,LINO LAKES,MN,2010-12-17,31569,Midwest,Under $100M,20
58052,First Southern Bank (AR 2010),FIRST SOUTHERN BANK,BATESVILLE,AR,2010-12-17,191764,South,$100M to $1B,20
19040,The Bank of Miami (FL 2010),THE BANK OF MIAMI,CORAL GABLES,FL,2010-12-17,448150,South,$100M to $1B,20
35065,United Americas Bank (GA 2010),UNITED AMERICAS BANK,ATLANTA,GA,2010-12-17,242339,South,$100M to $1B,20
34965,First Commercial Bank of Florida (FL 2011),FIRST COMMERCIAL BANK OF FLORIDA,ORLANDO,FL,2011-01-07,578638,South,$100M to $1B,20
57820,Legacy Bank (AZ 2011),LEGACY BANK,SCOTTSDALE,AZ,2011-01-07,136446,West,$100M to $1B,20
57440,Oglethorpe Bank (GA 2011),OGLETHORPE BANK,BRUNSWICK,GA,2011-01-14,211149,South,$100M to $1B,20
57868,Communitysouth Bank and Trust (SC 2011),COMMUNITYSOUTH BANK AND TRUST,EASLEY,SC,2011-01-21,340986,South,$100M to $1B,20
19758,Enterprise Banking Company (GA 2011),ENTERPRISE BANKING COMPANY,MCDONOUGH,GA,2011-01-21,99461,South,Under $100M,20
34516,The Bank of Asheville (NC 2011),THE BANK OF ASHEVILLE,ASHEVILLE,NC,2011-01-21,204925,South,$100M to $1B,20
31293,United Western Bank (CO 2011),UNITED WESTERN BANK,DENVER,CO,2011-01-21,2153690,West,$1B to $10B,20
5328,Evergreen State Bank (WI 2011),EVERGREEN STATE BANK,STOUGHTON,WI,2011-01-28,240949,Midwest,$100M to $1B,20
12261,First Community Bank (NM 2011),FIRST COMMUNITY BANK,TAOS,NM,2011-01-28,2188154,West,$1B to $10B,20
57646,Firstier Bank (CO 2011),FIRSTIER BANK,LOUISVILLE,CO,2011-01-28,764090,West,$100M to $1B,20
2303,The First State Bank (OK 2011),THE FIRST STATE BANK,CAMARGO,OK,2011-01-28,44546,South,Under $100M,20
57432,American Trust Bank (GA 2011),AMERICAN TRUST BANK,ROSWELL,GA,2011-02-04,238205,South,$100M to $1B,20
57948,Community First Bank - Chicago (IL 2011),COMMUNITY FIRST BANK - CHICAGO,CHICAGO,IL,2011-02-04,51083,Midwest,Under $100M,20
35242,North Georgia Bank (GA 2011),NORTH GEORGIA BANK,WATKINSVILLE,GA,2011-02-04,153172,South,$100M to $1B,20
13272,Badger State Bank (WI 2011),BADGER STATE BANK,CASSVILLE,WI,2011-02-11,83828,Midwest,Under $100M,20
34692,Canyon National Bank (CA 2011),CANYON NATIONAL BANK,PALM SPRINGS,CA,2011-02-11,210859,West,$100M to $1B,20
14939,Peoples State Bank (MI 2011),PEOPLES STATE BANK,HAMTRAMCK,MI,2011-02-11,390524,Midwest,$100M to $1B,20
35478,Sunshine State Community Bank (FL 2011),SUNSHINE STATE COMMUNITY BANK,PORT ORANGE,FL,2011-02-11,125531,South,$100M to $1B,20
57855,Charter Oak Bank (CA 2011),CHARTER OAK BANK,NAPA,CA,2011-02-18,120833,West,$100M to $1B,20
34601,Citizens Bank of Effingham (GA 2011),CITIZENS BANK OF EFFINGHAM,SPRINGFIELD,GA,2011-02-18,214275,South,$100M to $1B,20
151,Habersham Bank (GA 2011),HABERSHAM BANK,CLARKESVILLE,GA,2011-02-18,387681,South,$100M to $1B,20
34783,"San Luis Trust Bank, Fsb (CA 2011)","SAN LUIS TRUST BANK, FSB",SAN LUIS OBISPO,CA,2011-02-18,332596,West,$100M to $1B,20
34187,Valley Community Bank (IL 2011),VALLEY COMMUNITY BANK,ST. CHARLES,IL,2011-02-25,123774,Midwest,$100M to $1B,20
34818,Legacy Bank (WI 2011),LEGACY BANK,MILWAUKEE,WI,2011-03-11,190418,Midwest,$100M to $1B,20
4077,The First National Bank of Davis (OK 2011),THE FIRST NATIONAL BANK OF DAVIS,DAVIS,OK,2011-03-11,90183,South,Under $100M,20
34292,The Bank of Commerce (IL 2011),THE BANK OF COMMERCE,WOOD DALE,IL,2011-03-25,163074,Midwest,$100M to $1B,20
35418,Nevada Commerce Bank (NV 2011),NEVADA COMMERCE BANK,LAS VEGAS,NV,2011-04-08,135064,West,$100M to $1B,20
10086,Western Springs National Bank and Trust (IL 2011),WESTERN SPRINGS NATIONAL BANK AND TRUST,WESTERN SPRINGS,IL,2011-04-08,186677,Midwest,$100M to $1B,20
21495,Bartow County Bank (GA 2011),BARTOW COUNTY BANK,CARTERSVILLE,GA,2011-04-15,314019,South,$100M to $1B,20
14273,Heritage Banking Group (MS 2011),HERITAGE BANKING GROUP,CARTHAGE,MS,2011-04-15,228328,South,$100M to $1B,20
57705,New Horizons Bank (GA 2011),NEW HORIZONS BANK,EAST ELLIJAY,GA,2011-04-15,103055,South,$100M to $1B,20
19794,Nexity Bank (AL 2011),NEXITY BANK,BIRMINGHAM,AL,2011-04-15,757574,South,$100M to $1B,20
24099,Rosemount National Bank (MN 2011),ROSEMOUNT NATIONAL BANK,ROSEMOUNT,MN,2011-04-15,21454,Midwest,Under $100M,20
17750,Superior Bank (AL 2011),SUPERIOR BANK,BIRMINGHAM,AL,2011-04-15,2977290,South,$1B to $10B,20
34234,Community Central Bank (MI 2011),COMMUNITY CENTRAL BANK,MOUNT CLEMENS,MI,2011-04-29,451683,Midwest,$100M to $1B,20
57625,Cortez Community  Bank (FL 2011),CORTEZ COMMUNITY  BANK,BROOKSVILLE,FL,2011-04-29,66282,South,Under $100M,20
58539,First Choice Community Bank (GA 2011),FIRST CHOICE COMMUNITY BANK,DALLAS,GA,2011-04-29,291196,South,$100M to $1B,16
26297,First National Bank of Central Florida (FL 2011),FIRST NATIONAL BANK OF CENTRAL FLORIDA,WINTER PARK,FL,2011-04-29,342079,South,$100M to $1B,20
19797,The Park Avenue Bank (GA 2011),THE PARK AVENUE BANK,VALDOSTA,GA,2011-04-29,849409,South,$100M to $1B,20
34898,Coastal Bank (FL 2011),COASTAL BANK,COCOA BEACH,FL,2011-05-06,129429,South,$100M to $1B,20
57213,Atlantic Southern Bank (GA 2011),ATLANTIC SOUTHERN BANK,MACON,GA,2011-05-20,741855,South,$100M to $1B,20
57647,First Georgia Banking Company (GA 2011),FIRST GEORGIA BANKING COMPANY,FRANKLIN,GA,2011-05-20,730981,South,$100M to $1B,20
513,Summit Bank (WA 2011),SUMMIT BANK,BURLINGTON,WA,2011-05-20,142729,West,$100M to $1B,20
23626,First Heritage Bank (WA 2011),FIRST HERITAGE BANK,SNOHOMISH,WA,2011-05-27,173478,West,$100M to $1B,20
58420,Atlantic Bank and Trust (SC 2011),ATLANTIC BANK AND TRUST,CHARLESTON,SC,2011-06-03,208204,South,$100M to $1B,17
27583,First Commercial Bank of Tampa Bay (FL 2011),FIRST COMMERCIAL BANK OF TAMPA BAY,TAMPA,FL,2011-06-17,98624,South,Under $100M,20
19237,Mcintosh State Bank (GA 2011),MCINTOSH STATE BANK,JACKSON,GA,2011-06-17,339929,South,$100M to $1B,20
57593,Mountain Heritage Bank (GA 2011),MOUNTAIN HERITAGE BANK,CLAYTON,GA,2011-06-24,103716,South,$100M to $1B,20
34522,Colorado Capital Bank (CO 2011),COLORADO CAPITAL BANK,CASTLE ROCK,CO,2011-07-08,665806,West,$100M to $1B,20
27935,First Chicago Bank & Trust (IL 2011),FIRST CHICAGO BANK & TRUST,CHICAGO,IL,2011-07-08,896864,Midwest,$100M to $1B,20
57835,Signature  Bank (CO 2011),SIGNATURE  BANK,WINDSOR,CO,2011-07-08,62518,West,Under $100M,20
34870,First Peoples Bank (FL 2011),FIRST PEOPLES BANK,PORT SAINT LUCIE,FL,2011-07-15,225035,South,$100M to $1B,20
19554,High Trust Bank (GA 2011),HIGH TRUST BANK,STOCKBRIDGE,GA,2011-07-15,180340,South,$100M to $1B,20
58238,One Georgia Bank (GA 2011),ONE GEORGIA BANK,ATLANTA,GA,2011-07-15,177715,South,$100M to $1B,20
57442,Summit Bank (AZ 2011),SUMMIT BANK,PRESCOTT,AZ,2011-07-15,73066,West,Under $100M,20
2994,Bank of Choice (CO 2011),BANK OF CHOICE,GREELEY,CO,2011-07-22,954106,West,$100M to $1B,20
35244,Landmark Bank of Florida (FL 2011),LANDMARK BANK OF FLORIDA,SARASOTA,FL,2011-07-22,266482,South,$100M to $1B,20
58056,Southshore Community Bank (FL 2011),SOUTHSHORE COMMUNITY BANK,APOLLO BEACH,FL,2011-07-22,41252,South,Under $100M,20
58222,"Bankmeridian, N.a. (SC 2011)","BANKMERIDIAN, N.A.",COLUMBIA,SC,2011-07-29,232648,South,$100M to $1B,20
4392,Integra Bank National Association (IN 2011),INTEGRA BANK NATIONAL ASSOCIATION,EVANSVILLE,IN,2011-07-29,1994430,Midwest,$1B to $10B,20
58283,Virginia Business Bank (VA 2011),VIRGINIA BUSINESS BANK,RICHMOND,VA,2011-07-29,83493,South,Under $100M,20
22637,Bank of Shorewood (IL 2011),BANK OF SHOREWOOD,SHOREWOOD,IL,2011-08-05,110723,Midwest,$100M to $1B,20
22528,Bank of Whitman (WA 2011),BANK OF WHITMAN,COLFAX,WA,2011-08-05,548570,West,$100M to $1B,20
4744,The First National Bank of Olathe (KS 2011),THE FIRST NATIONAL BANK OF OLATHE,OLATHE,KS,2011-08-12,538091,Midwest,$100M to $1B,20
34130,Public Savings Bank (PA 2011),PUBLIC SAVINGS BANK,HUNTINGDON VALLEY,PA,2011-08-18,46818,Northeast,Under $100M,20
57212,First Choice Bank (IL 2011),FIRST CHOICE BANK,GENEVA,IL,2011-08-19,141016,Midwest,$100M to $1B,20
57239,First Southern National Bank (GA 2011),FIRST SOUTHERN NATIONAL BANK,STATESBORO,GA,2011-08-19,164599,South,$100M to $1B,20
35356,Lydian Private Bank (FL 2011),LYDIAN PRIVATE BANK,PALM BEACH,FL,2011-08-19,1700117,South,$1B to $10B,20
58226,Creekside Bank (GA 2011),CREEKSIDE BANK,WOODSTOCK,GA,2011-09-02,102338,South,$100M to $1B,20
58273,Patriot Bank of Georgia (GA 2011),PATRIOT BANK OF GEORGIA,CUMMING,GA,2011-09-02,150751,South,$100M to $1B,20
25155,The First National Bank of Florida (FL 2011),THE FIRST NATIONAL BANK OF FLORIDA,MILTON,FL,2011-09-09,296841,South,$100M to $1B,20
20408,Bank of the Commonwealth (VA 2011),BANK OF THE COMMONWEALTH,NORFOLK,VA,2011-09-23,985096,South,$100M to $1B,20
33983,Citizens Bank of Northern California (CA 2011),CITIZENS BANK OF NORTHERN CALIFORNIA,NEVADA CITY,CA,2011-09-23,288765,West,$100M to $1B,20
33513,First International Bank (TX 2011),FIRST INTERNATIONAL BANK,PLANO,TX,2011-09-30,239916,South,$100M to $1B,20
20115,Sun Security Bank (MO 2011),SUN SECURITY BANK,ELLINGTON,MO,2011-10-07,351492,Midwest,$100M to $1B,20
10216,The Riverbank (MN 2011),THE RIVERBANK,WYOMING,MN,2011-10-07,419723,Midwest,$100M to $1B,20
32347,"Blue Ridge Savings Bank, Inc. (NC 2011)","BLUE RIDGE SAVINGS BANK, INC.",ASHEVILLE,NC,2011-10-14,161430,South,$100M to $1B,20
35395,Country Bank (IL 2011),COUNTRY BANK,ALEDO,IL,2011-10-14,195034,Midwest,$100M to $1B,20
58046,First State Bank (NJ 2011),FIRST STATE BANK,CRANFORD,NJ,2011-10-14,191852,Northeast,$100M to $1B,20
57256,Piedmont Community Bank (GA 2011),PIEDMONT COMMUNITY BANK,GRAY,GA,2011-10-14,198993,South,$100M to $1B,20
21132,Community Banks of Colorado (CO 2011),COMMUNITY BANKS OF COLORADO,GREENWOOD VILLAGE,CO,2011-10-21,1280964,West,$1B to $10B,20
57036,Community Capital Bank (GA 2011),COMMUNITY CAPITAL BANK,JONESBORO,GA,2011-10-21,165291,South,$100M to $1B,20
34392,Decatur First Bank (GA 2011),DECATUR FIRST BANK,DECATUR,GA,2011-10-21,184750,South,$100M to $1B,20
57537,Old Harbor Bank (FL 2011),OLD HARBOR BANK,CLEARWATER,FL,2011-10-21,209048,South,$100M to $1B,20
57759,all American Bank (IL 2011),ALL AMERICAN BANK,DES PLAINES,IL,2011-10-28,34800,Midwest,Under $100M,20
19397,"Mid City Bank, Inc. (NE 2011)","MID CITY BANK, INC.",OMAHA,NE,2011-11-04,106075,Midwest,$100M to $1B,20
57087,Sunfirst Bank (UT 2011),SUNFIRST BANK,SAINT GEORGE,UT,2011-11-04,198081,West,$100M to $1B,20
57860,Community Bank of Rockmart (GA 2011),COMMUNITY BANK OF ROCKMART,ROCKMART,GA,2011-11-10,62383,South,Under $100M,20
19657,Central Progressive Bank (LA 2011),CENTRAL PROGRESSIVE BANK,LACOMBE,LA,2011-11-18,383132,South,$100M to $1B,20
14194,Polk County Bank (IA 2011),POLK COUNTY BANK,JOHNSTON,IA,2011-11-18,91580,Midwest,Under $100M,20
58343,Premier Community Bank of the Emerald Coast (FL 2011),PREMIER COMMUNITY BANK OF THE EMERALD COAST,CRESTVIEW,FL,2011-12-16,125976,South,$100M to $1B,20
57917,Western National Bank (AZ 2011),WESTERN NATIONAL BANK,PHOENIX,AZ,2011-12-16,162872,West,$100M to $1B,20
31581,American Eagle Savings Bank (PA 2012),AMERICAN EAGLE SAVINGS BANK,BOOTHWYN,PA,2012-01-20,19259,Northeast,Under $100M,20
57186,Central Florida State Bank (FL 2012),CENTRAL FLORIDA STATE BANK,BELLEVIEW,FL,2012-01-20,71485,South,Under $100M,20
19252,The First State Bank (GA 2012),THE FIRST STATE BANK,STOCKBRIDGE,GA,2012-01-20,516760,South,$100M to $1B,20
19869,Bankeast (TN 2012),BANKEAST,KNOXVILLE,TN,2012-01-27,261947,South,$100M to $1B,20
16579,First Guaranty Bank and Trust Company of Jacksonville (FL 2012),FIRST GUARANTY BANK AND TRUST COMPANY OF JACKSONVILLE,JACKSONVILLE,FL,2012-01-27,397082,South,$100M to $1B,20
34823,Patriot Bank Minnesota (MN 2012),PATRIOT BANK MINNESOTA,FOREST LAKE,MN,2012-01-27,105029,Midwest,$100M to $1B,20
35296,Tennessee Commerce Bank (TN 2012),TENNESSEE COMMERCE BANK,FRANKLIN,TN,2012-01-27,1009154,South,$1B to $10B,20
23187,Charter National Bank and Trust (IL 2012),CHARTER NATIONAL BANK AND TRUST,HOFFMAN ESTATES,IL,2012-02-10,93894,Midwest,Under $100M,20
29761,Scb Bank (IN 2012),SCB BANK,SHELBYVILLE,IN,2012-02-10,182561,Midwest,$100M to $1B,20
5687,Central Bank of Georgia (GA 2012),CENTRAL BANK OF GEORGIA,ELLAVILLE,GA,2012-02-24,278860,South,$100M to $1B,20
29178,Home Savings of America (MN 2012),HOME SAVINGS OF AMERICA,LITTLE FALLS,MN,2012-02-24,434111,Midwest,$100M to $1B,20
34046,Global Commerce Bank (GA 2012),GLOBAL COMMERCE BANK,DORAVILLE,GA,2012-03-02,143678,South,$100M to $1B,20
57597,New City Bank (IL 2012),NEW CITY BANK,CHICAGO,IL,2012-03-09,71202,Midwest,Under $100M,20
58068,Convenant Bank & Trust (GA 2012),CONVENANT BANK & TRUST,ROCK SPRING,GA,2012-03-23,95725,South,Under $100M,20
35419,Premier Bank (IL 2012),PREMIER BANK,WILMETTE,IL,2012-03-23,268703,Midwest,$100M to $1B,20
33883,Fidelity Bank (MI 2012),FIDELITY BANK,DEARBORN,MI,2012-03-30,818237,Midwest,$100M to $1B,20
35527,"Fort Lee Federal Savings Bank, Fsb (NJ 2012)","FORT LEE FEDERAL SAVINGS BANK, FSB",FORT LEE,NJ,2012-04-20,48861,Northeast,Under $100M,20
26759,Bank of the Eastern Shore (MD 2012),BANK OF THE EASTERN SHORE,CAMBRIDGE,MD,2012-04-27,162460,South,$100M to $1B,20
57766,Harvest Bank of Maryland (MD 2012),HARVEST BANK OF MARYLAND,GAITHERSBURG,MD,2012-04-27,163019,South,$100M to $1B,20
31495,"Inter Savings Bank, Fsb d/b/a/ Interbank, Fsb (MN 2012)","INTER SAVINGS BANK, FSB D/B/A/ INTERBANK, FSB",MAPLE GROVE,MN,2012-04-27,463840,Midwest,$100M to $1B,20
23632,Palm Desert National Bank (CA 2012),PALM DESERT NATIONAL BANK,PALM DESERT,CA,2012-04-27,129253,West,$100M to $1B,20
32503,Plantation Federal Bank (SC 2012),PLANTATION FEDERAL BANK,PAWLEYS ISLAND,SC,2012-04-27,433512,South,$100M to $1B,20
23156,"Security Bank, National Association (FL 2012)","SECURITY BANK, NATIONAL ASSOCIATION",NORTH LAUDERDALE,FL,2012-05-04,101026,South,$100M to $1B,20
35224,"Alabama Trust Bank, National Association (AL 2012)","ALABAMA TRUST BANK, NATIONAL ASSOCIATION",SYLACAUGA,AL,2012-05-18,51553,South,Under $100M,20
35372,Carolina Federal Savings Bank (SC 2012),CAROLINA FEDERAL SAVINGS BANK,CHARLESTON,SC,2012-06-08,54373,South,Under $100M,20
9257,Farmers' and Traders' State Bank (IL 2012),FARMERS' AND TRADERS' STATE BANK,SHABBONA,IL,2012-06-08,43077,Midwest,Under $100M,20
416,First Capital Bank (OK 2012),FIRST CAPITAL BANK,KINGFISHER,OK,2012-06-08,44448,South,Under $100M,20
34515,Waccamaw Bank (NC 2012),WACCAMAW BANK,WHITEVILLE,NC,2012-06-08,533114,South,$100M to $1B,20
27405,Putnam State Bank (FL 2012),PUTNAM STATE BANK,PALATKA,FL,2012-06-15,169489,South,$100M to $1B,20
35299,Security Exchange Bank (GA 2012),SECURITY EXCHANGE BANK,MARIETTA,GA,2012-06-15,150962,South,$100M to $1B,20
1690,The Farmers Bank of Lynchburg (TN 2012),THE FARMERS BANK OF LYNCHBURG,LYNCHBURG,TN,2012-06-15,163859,South,$100M to $1B,20
19498,Montgomery Bank & Trust (GA 2012),MONTGOMERY BANK & TRUST,AILEY,GA,2012-07-06,153208,South,$100M to $1B,20
1056,Glasgow Savings Bank (MO 2012),GLASGOW SAVINGS BANK,GLASGOW,MO,2012-07-13,22341,Midwest,Under $100M,20
32711,First Cherokee State Bank (GA 2012),FIRST CHEROKEE STATE BANK,WOODSTOCK,GA,2012-07-20,209021,South,$100M to $1B,20
57847,Georgia Trust Bank (GA 2012),GEORGIA TRUST BANK,BUFORD,GA,2012-07-20,116890,South,$100M to $1B,20
1361,Heartland Bank (KS 2012),HEARTLAND BANK,LEAWOOD,KS,2012-07-20,96002,Midwest,Under $100M,20
27986,Second Federal Savings and Loan Association of Chicago (IL 2012),SECOND FEDERAL SAVINGS AND LOAN ASSOCIATION OF CHICAGO,CHICAGO,IL,2012-07-20,190891,Midwest,$100M to $1B,20
57096,The Royal Palm Bank of Florida (FL 2012),THE ROYAL PALM BANK OF FLORIDA,NAPLES,FL,2012-07-20,78771,South,Under $100M,20
16240,Jasper Banking Company (GA 2012),JASPER BANKING COMPANY,JASPER,GA,2012-07-27,206672,South,$100M to $1B,20
28243,Waukegan Savings Bank (IL 2012),WAUKEGAN SAVINGS BANK,WAUKEGAN,IL,2012-08-03,83679,Midwest,Under $100M,20
35246,First Commercial Bank (MN 2012),FIRST COMMERCIAL BANK,BLOOMINGTON,MN,2012-09-07,215867,Midwest,$100M to $1B,20
27316,Truman Bank (MO 2012),TRUMAN BANK,ST. LOUIS,MO,2012-09-14,282338,Midwest,$100M to $1B,20
20685,First United Bank (IL 2012),FIRST UNITED BANK,CRETE,IL,2012-09-28,328422,Midwest,$100M to $1B,20
19189,Excel Bank (MO 2012),EXCEL BANK,SEDALIA,MO,2012-10-19,186113,Midwest,$100M to $1B,20
28144,First East Side Savings Bank (FL 2012),FIRST EAST SIDE SAVINGS BANK,TAMARAC,FL,2012-10-19,65686,South,Under $100M,20
58073,Gulfsouth Private Bank (FL 2012),GULFSOUTH PRIVATE BANK,DESTIN,FL,2012-10-19,139391,South,$100M to $1B,20
27148,Nova Bank (PA 2012),NOVA BANK,BERWYN,PA,2012-10-26,444710,Northeast,$100M to $1B,20
3731,Citizens First National Bank (IL 2012),CITIZENS FIRST NATIONAL BANK,PRINCETON,IL,2012-11-02,923959,Midwest,$100M to $1B,20
35009,Heritage Bank of Florida (FL 2012),HERITAGE BANK OF FLORIDA,LUTZ,FL,2012-11-02,225477,South,$100M to $1B,20
57928,Hometown Communitybank (GA 2012),HOMETOWN COMMUNITYBANK,BRASELTON,GA,2012-11-16,124561,South,$100M to $1B,20
27331,Community Bank of the Ozarks (MO 2012),COMMUNITY BANK OF THE OZARKS,SUNRISE,MO,2012-12-14,42816,Midwest,Under $100M,20
33997,Westside Community Bank (WA 2013),WESTSIDE COMMUNITY BANK,UNIVERSITY PLACE,WA,2013-01-11,91935,West,Under $100M,20
57157,1st Regents Bank (MN 2013),1ST REGENTS BANK,ANDOVER,MN,2013-01-18,49626,Midwest,Under $100M,20
22476,Covenant Bank (IL 2013),COVENANT BANK,CHICAGO,IL,2013-02-15,58422,Midwest,Under $100M,20
16431,Frontier Bank (GA 2013),FRONTIER BANK,LAGRANGE,GA,2013-03-08,258840,South,$100M to $1B,20
58066,Gold Canyon Bank (AZ 2013),GOLD CANYON BANK,GOLD CANYON,AZ,2013-04-05,42125,West,Under $100M,20
58034,Chipola Community Bank (FL 2013),CHIPOLA COMMUNITY BANK,MARIANNA,FL,2013-04-19,37471,South,Under $100M,20
29594,First Federal Bank (KY 2013),FIRST FEDERAL BANK,LEXINGTON,KY,2013-04-19,92982,South,Under $100M,20
26680,Heritage Bank of North Florida (FL 2013),HERITAGE BANK OF NORTH FLORIDA,ORANGE PARK,FL,2013-04-19,103960,South,$100M to $1B,20
21649,Douglas County Bank (GA 2013),DOUGLAS COUNTY BANK,DOUGLASVILLE,GA,2013-04-26,317288,South,$100M to $1B,20
57158,Parkway Bank (NC 2013),PARKWAY BANK,LENOIR,NC,2013-04-26,109642,South,$100M to $1B,20
58701,Pisgah Community Bank (NC 2013),PISGAH COMMUNITY BANK,ASHEVILLE,NC,2013-05-10,21880,South,Under $100M,20
58185,Sunrise Bank (GA 2013),SUNRISE BANK,VALDOSTA,GA,2013-05-10,60793,South,Under $100M,20
34527,Central Arizona Bank (AZ 2013),CENTRAL ARIZONA BANK,SCOTTSDALE,AZ,2013-05-14,31550,West,Under $100M,20
35386,Banks of Wisconsin (WI 2013),BANKS OF WISCONSIN,KENOSHA,WI,2013-05-31,134024,Midwest,$100M to $1B,20
58358,1st Commerce Bank (NV 2013),1st COMMERCE BANK,NORTH LAS VEGAS,NV,2013-06-06,20152,West,Under $100M,20
34789,Mountain National Bank (TN 2013),MOUNTAIN NATIONAL BANK,SEVIERVILLE,TN,2013-06-07,437282,South,$100M to $1B,20
34943,First Community Bank of Southwest Florida (FL 2013),FIRST COMMUNITY BANK OF SOUTHWEST FLORIDA,FORT MYERS,FL,2013-08-02,247315,South,$100M to $1B,20
35016,Bank of Wausau (WI 2013),BANK OF WAUSAU,WAUSAU,WI,2013-08-09,43564,Midwest,Under $100M,20
19849,Community South Bank (TN 2013),COMMUNITY SOUTH BANK,PARSONS,TN,2013-08-23,386908,South,$100M to $1B,20
34707,Sunrise Bank of Arizona (AZ 2013),SUNRISE BANK OF ARIZONA,PHOENIX,AZ,2013-08-23,202179,West,$100M to $1B,20
14318,First National Bank (TX 2013),FIRST NATIONAL BANK,EDINBURG,TX,2013-09-13,3085764,South,$1B to $10B,20
57041,The Community's Bank (CT 2013),THE COMMUNITY'S BANK,BRIDGEPORT,CT,2013-09-13,26368,Northeast,Under $100M,20
14794,Bank of Jackson County (FL 2013),BANK OF JACKSON COUNTY,GRACEVILLE,FL,2013-10-30,24724,South,Under $100M,20
57431,"Texas Community Bank, National Association (TX 2013)","TEXAS COMMUNITY BANK, NATIONAL ASSOCIATION",THE WOODLANDS,TX,2013-12-13,159257,South,$100M to $1B,20
5732,Dupage National Bank (IL 2014),DUPAGE NATIONAL BANK,WEST CHICAGO,IL,2014-01-17,53524,Midwest,Under $100M,20
17967,The  Bank of Union (OK 2014),THE  BANK OF UNION,EL RENO,OK,2014-01-24,317172,South,$100M to $1B,20
34296,Syringa Bank (ID 2014),SYRINGA BANK,BOISE,ID,2014-01-31,153361,West,$100M to $1B,20
35096,"Millennium Bank, National Association (VA 2014)","MILLENNIUM BANK, NATIONAL ASSOCIATION",STERLING,VA,2014-02-28,130305,South,$100M to $1B,20
58531,Vantage Point Bank (PA 2014),VANTAGE POINT BANK,HORSHAM,PA,2014-02-28,63453,Northeast,Under $100M,20
15062,Allendale County Bank (SC 2014),ALLENDALE COUNTY BANK,FAIRFAX,SC,2014-04-25,49498,South,Under $100M,20
57866,Aztecamerica Bank (IL 2014),AZTECAMERICA BANK,BERWYN,IL,2014-05-16,66309,Midwest,Under $100M,20
32284,Columbia Savings Bank (OH 2014),COLUMBIA SAVINGS BANK,CINCINNATI,OH,2014-05-23,36484,Midwest,Under $100M,20
32368,Slavie Federal Savings Bank (MD 2014),SLAVIE FEDERAL SAVINGS BANK,BEL AIR,MD,2014-05-30,140063,South,$100M to $1B,20
10450,Valley Bank (IL 2014),VALLEY BANK,MOLINE,IL,2014-06-20,456442,Midwest,$100M to $1B,20
21793,Valley Bank (FL 2014),VALLEY BANK,FORT LAUDERDALE,FL,2014-06-20,81843,South,Under $100M,20
12483,The Freedom State Bank (OK 2014),THE FREEDOM STATE BANK,FREEDOM,OK,2014-06-27,22816,South,Under $100M,20
58125,Eastside Commercial Bank (GA 2014),EASTSIDE COMMERCIAL BANK,CONYERS,GA,2014-07-18,173946,South,$100M to $1B,20
28462,"Greenchoice Bank, Fsb (IL 2014)","GREENCHOICE BANK, FSB",CHICAGO,IL,2014-07-25,70286,Midwest,Under $100M,20
4862,Nbrs Financial Bank (MD 2014),NBRS FINANCIAL BANK,RISING SUN,MD,2014-10-17,155353,South,$100M to $1B,20
916,The National Republic Bank of Chicago (IL 2014),THE NATIONAL REPUBLIC BANK OF CHICAGO,CHICAGO,IL,2014-10-24,843118,Midwest,$100M to $1B,20
34738,"Frontier Bank, Fsb (CA 2014)","FRONTIER BANK, FSB",PALM DESERT,CA,2014-11-07,80736,West,Under $100M,20
34983,Northern Star Bank (MN 2014),NORTHERN STAR BANK,MANKATO,MN,2014-12-19,18794,Midwest,Under $100M,20
17557,First National Bank of Crestview (FL 2015),FIRST NATIONAL BANK OF CRESTVIEW,CRESTVIEW,FL,2015-01-16,73804,South,Under $100M,20
20290,Highland Community Bank (IL 2015),HIGHLAND COMMUNITY BANK,CHICAGO,IL,2015-01-23,54727,Midwest,Under $100M,20
33938,Capitol City Bank & Trust Company (GA 2015),CAPITOL CITY BANK & TRUST COMPANY,ATLANTA,GA,2015-02-13,272311,South,$100M to $1B,20
32102,Doral Bank (PR 2015),DORAL BANK,SAN JUAN,PR,2015-02-27,5898515,South,$1B to $10B,20
57772,Edgebrook Bank (IL 2015),EDGEBROOK BANK,CHICAGO,IL,2015-05-08,90034,Midwest,Under $100M,20
34112,Premier Bank (CO 2015),PREMIER BANK,DENVER,CO,2015-07-10,26760,West,Under $100M,20
35156,Hometown National Bank (WA 2015),HOMETOWN NATIONAL BANK,LONGVIEW,WA,2015-10-02,3785,West,Under $100M,20
35259,The Bank of Georgia (GA 2015),THE BANK OF GEORGIA,PEACHTREE CITY,GA,2015-10-02,286102,South,$100M to $1B,20
20364,North Milwaukee State Bank (WI 2016),NORTH MILWAUKEE STATE BANK,MILWAUKEE,WI,2016-03-11,67115,Midwest,Under $100M,20
9956,Trust Company Bank (TN 2016),TRUST COMPANY BANK,MEMPHIS,TN,2016-04-29,18998,South,Under $100M,20
35312,First Cornerstone Bank (PA 2016),FIRST CORNERSTONE BANK,KING OF PRUSSIA,PA,2016-05-06,103307,Northeast,$100M to $1B,20
11297,The Woodbury Banking Company (GA 2016),THE WOODBURY BANKING COMPANY,WOODBURY,GA,2016-08-19,21426,South,Under $100M,20
91,Allied Bank (AR 2016),ALLIED BANK,MULBERRY,AR,2016-09-23,66336,South,Under $100M,20
34951,Harvest Community Bank (NJ 2017),HARVEST COMMUNITY BANK,PENNSVILLE,NJ,2017-01-13,124223,Northeast,$100M to $1B,20
19328,Seaway Bank and Trust Company (IL 2017),SEAWAY BANK AND TRUST COMPANY,CHICAGO,IL,2017-01-27,297809,Midwest,$100M to $1B,20
35495,Proficio Bank (UT 2017),PROFICIO BANK,COTTONWOOD HEIGHTS,UT,2017-03-03,68208,West,Under $100M,20
58302,First Nbc Bank (LA 2017),FIRST NBC BANK,NEW ORLEANS,LA,2017-04-28,3325870,South,$1B to $10B,20
30003,Guaranty Bank (WI 2017),GUARANTY BANK,MILWAUKEE,WI,2017-05-05,1031900,Midwest,$1B to $10B,20
1802,Fayette County Bank (IL 2017),FAYETTE COUNTY BANK,SAINT ELMO,IL,2017-05-26,34370,Midwest,Under $100M,20
17719,The Farmers and Merchants State Bank of Argonia (KS 2017),THE FARMERS AND MERCHANTS STATE BANK OF ARGONIA,ARGONIA,KS,2017-10-13,33012,Midwest,Under $100M,20
30570,Washington Federal Bank for Savings (IL 2017),WASHINGTON FEDERAL BANK FOR SAVINGS,CHICAGO,IL,2017-12-15,166345,Midwest,$100M to $1B,20
10716,Enloe State Bank (TX 2019),ENLOE STATE BANK,COOPER,TX,2019-05-31,36738,South,Under $100M,20
58112,Louisa Community Bank (KY 2019),LOUISA COMMUNITY BANK,LOUISA,KY,2019-10-25,28163,South,Under $100M,20
58317,Resolute Bank (OH 2019),RESOLUTE BANK,MAUMEE,OH,2019-10-25,23292,Midwest,Under $100M,20
21111,City National Bank of New Jersey (NJ 2019),CITY NATIONAL BANK OF NEW JERSEY,NEWARK,NJ,2019-11-01,120574,Northeast,$100M to $1B,20
18265,Ericson State Bank (NE 2020),ERICSON STATE BANK,ERICSON,NE,2020-02-14,100879,Midwest,$100M to $1B,20
14361,The First State Bank (WV 2020),THE FIRST STATE BANK,BARBOURSVILLE,WV,2020-04-03,151808,South,$100M to $1B,20
16748,First City Bank of Florida (FL 2020),FIRST CITY BANK OF FLORIDA,FORT WALTON BEACH,FL,2020-10-16,136566,South,$100M to $1B,20
15426,Almena State Bank (KS 2020),ALMENA STATE BANK,ALMENA,KS,2020-10-23,65733,Midwest,Under $100M,20
24735,Silicon Valley Bank (CA 2023),SILICON VALLEY BANK,SANTA CLARA,CA,2023-03-10,209026000,West,Over $10B,20
57053,Signature Bank (NY 2023),SIGNATURE BANK,NEW YORK,NY,2023-03-12,110363650,Northeast,Over $10B,20
59017,First Republic Bank (CA 2023),FIRST REPUBLIC BANK,SAN FRANCISCO,CA,2023-05-01,212638872,West,Over $10B,20
25851,Heartland Tri-State Bank (KS 2023),HEARTLAND TRI-STATE BANK,ELKHART,KS,2023-07-28,139446,Midwest,$100M to $1B,19
8758,Citizens Bank (IA 2023),CITIZENS BANK,SAC CITY,IA,2023-11-03,60448,Midwest,Under $100M,20
27332,Republic Bank (PA 2024),REPUBLIC BANK,PHILADELPHIA,PA,2024-04-26,5866190,Northeast,$1B to $10B,19
4134,First Nb of Lindsay (OK 2024),FIRST NB OF LINDSAY,LINDSAY,OK,2024-10-18,107850,South,$100M to $1B,20
28611,Pulaski Savings Bank (IL 2025),PULASKI SAVINGS BANK,CHICAGO,IL,2025-01-17,49466,Midwest,Under $100M,19
5520,Santa Anna National Bank (TX 2025),SANTA ANNA NATIONAL BANK,SANTA ANNA,TX,2025-06-27,76938,South,Under $100M,20
57488,Metropolitan Capital B&t (IL 2026),METROPOLITAN CAPITAL B&T,CHICAGO,IL,2026-01-30,261185,Midwest,$100M to $1B,20
25796,Community Bank and Trust - West Georgia (GA 2026),COMMUNITY BANK AND TRUST - WEST GEORGIA,LAGRANGE,GA,2026-05-01,305716,South,$100M to $1B,19
